{"accuracy": [0.5997297167778015, 0.86461341381073, 0.9174763560295105, 0.9410484433174133, 0.9564549326896667, 0.965047299861908, 0.971747636795044, 0.9755316972732544, 0.9801123738288879, 0.9823031425476074], "loss": [1.368259072303772, 0.42755258083343506, 0.2556040287017822, 0.17954595386981964, 0.13183698058128357, 0.10608420521020889, 0.0857355073094368, 0.07406949996948242, 0.06162024661898613, 0.05433182045817375], "val_accuracy": [0.8328590989112854, 0.9145231246948242, 0.9340997338294983, 0.9529364705085754, 0.9406442046165466, 0.9640336632728577, 0.9537901282310486, 0.9601638913154602, 0.9570908546447754, 0.9630662202835083], "val_loss": [0.5214976072311401, 0.27030500769615173, 0.19847355782985687, 0.1456862986087799, 0.1919785737991333, 0.11473491787910461, 0.15437109768390656, 0.13331392407417297, 0.1514955759048462, 0.1269020140171051]}